gamma,hazard_poor,inflation,mwr,pessimism,delta_c,ownership_pct
2.5,3.1901,0.0243,0.8782,0.9983,0.0143,36.47
2.5,3.4982,0.0176,0.8749,0.9825,0.0200,27.97
2.5,2.3344,0.0199,0.8360,0.9993,0.0270,31.97
2.5,3.0771,0.0225,0.8454,0.9938,0.0287,23.23
2.5,2.6479,0.0191,0.8857,0.9898,0.0146,39.14
2.5,2.4662,0.0211,0.8714,0.9795,0.0223,29.62
2.5,2.9879,0.0222,0.8769,0.9801,0.0236,26.56
2.5,2.4532,0.0219,0.8951,0.9842,0.0248,34.89
2.5,3.1386,0.0177,0.8466,0.9980,0.0188,31.76
2.5,2.2619,0.0201,0.8862,0.9964,0.0154,44.52
2.5,2.4508,0.0205,0.8722,0.9966,0.0253,36.61
2.5,2.1658,0.0230,0.8561,0.9748,0.0294,23.47
2.5,2.6566,0.0164,0.8460,0.9731,0.0135,26.56
2.5,3.4620,0.0237,0.8594,0.9747,0.0193,16.27
2.5,2.3756,0.0174,0.8419,0.9966,0.0260,32.92
2.5,2.4789,0.0204,0.8944,0.9878,0.0141,40.86
2.5,2.8842,0.0180,0.8834,0.9915,0.0295,32.78
2.5,3.4091,0.0243,0.8597,0.9767,0.0216,16.23
2.5,2.3512,0.0156,0.8577,0.9834,0.0137,35.49
2.5,2.7210,0.0226,0.8995,0.9901,0.0281,34.75
2.5,2.5812,0.0198,0.8904,0.9707,0.0160,31.20
2.5,2.2246,0.0173,0.8872,0.9937,0.0220,42.06
2.5,2.3161,0.0155,0.8454,0.9920,0.0228,33.98
2.5,3.4503,0.0221,0.8879,0.9843,0.0122,32.04
2.5,3.1302,0.0175,0.8962,0.9736,0.0161,30.85
2.5,2.3654,0.0168,0.8427,0.9811,0.0186,29.52
2.5,3.0562,0.0229,0.8816,0.9958,0.0214,34.72
2.5,3.4101,0.0234,0.8341,0.9909,0.0138,22.77
2.5,2.9613,0.0165,0.8521,0.9841,0.0293,23.89
2.5,3.3335,0.0248,0.9054,0.9929,0.0172,36.47
2.5,2.5637,0.0209,0.8432,0.9983,0.0205,33.31
2.5,2.2524,0.0180,0.8887,0.9794,0.0197,36.26
2.5,2.7936,0.0213,0.9021,0.9955,0.0180,41.50
2.5,2.6226,0.0202,0.8422,0.9913,0.0294,26.28
2.5,3.2350,0.0161,0.8671,0.9766,0.0137,28.43
2.5,3.1991,0.0192,0.9088,0.9904,0.0185,38.09
2.5,2.4138,0.0189,0.8524,0.9841,0.0105,34.61
2.5,2.0327,0.0212,0.8892,0.9899,0.0228,40.30
2.5,3.4430,0.0166,0.8800,0.9787,0.0153,29.16
2.5,3.0187,0.0184,0.8459,0.9933,0.0180,30.25
2.5,2.1973,0.0164,0.8840,0.9940,0.0197,43.25
2.5,2.0561,0.0160,0.8614,0.9935,0.0270,37.21
2.5,2.7051,0.0245,0.8816,0.9719,0.0287,21.40
2.5,3.3266,0.0192,0.8480,0.9759,0.0222,17.15
2.5,2.9224,0.0188,0.8458,0.9856,0.0290,22.59
2.5,2.8438,0.0236,0.8991,0.9887,0.0189,36.44
2.5,3.4425,0.0205,0.8780,0.9719,0.0121,25.65
2.5,2.2676,0.0194,0.8989,0.9781,0.0150,38.23
2.5,2.0515,0.0213,0.8648,0.9728,0.0249,27.93
2.5,3.3101,0.0215,0.8313,0.9853,0.0295,12.02
2.5,3.3052,0.0176,0.8517,0.9911,0.0146,30.22
2.5,2.8699,0.0184,0.8344,0.9754,0.0200,19.47
2.5,2.2027,0.0155,0.9051,0.9922,0.0248,43.64
2.5,2.6770,0.0215,0.8432,0.9998,0.0247,31.17
2.5,2.7579,0.0158,0.8647,0.9958,0.0155,38.37
2.5,2.9163,0.0155,0.8880,0.9786,0.0223,31.38
2.5,3.4001,0.0189,0.8563,0.9740,0.0131,22.24
2.5,3.1154,0.0192,0.8858,0.9937,0.0171,36.82
2.5,2.2960,0.0155,0.8719,0.9884,0.0127,41.18
2.5,2.2471,0.0242,0.8370,0.9904,0.0138,32.01
2.5,2.4558,0.0230,0.8540,0.9743,0.0101,28.32
2.5,2.7338,0.0178,0.8372,0.9985,0.0204,32.40
2.5,2.1478,0.0219,0.9063,0.9863,0.0276,38.23
2.5,2.9587,0.0176,0.8421,0.9987,0.0253,30.01
2.5,2.6424,0.0190,0.8820,0.9764,0.0245,28.99
2.5,3.1582,0.0172,0.8399,0.9858,0.0203,24.46
2.5,3.1361,0.0212,0.8392,0.9833,0.0116,25.23
2.5,2.1313,0.0227,0.8846,0.9974,0.0221,42.30
2.5,2.4007,0.0182,0.8889,0.9982,0.0256,41.39
2.5,2.8970,0.0186,0.8412,0.9982,0.0131,34.29
2.5,3.2955,0.0177,0.8863,0.9836,0.0154,32.99
2.5,2.9595,0.0212,0.8873,0.9799,0.0180,31.03
2.5,2.3803,0.0212,0.8915,0.9754,0.0295,29.16
2.5,2.5089,0.0198,0.9065,0.9955,0.0138,46.45
2.5,2.9299,0.0210,0.8976,0.9773,0.0281,28.07
2.5,3.4787,0.0185,0.8567,0.9988,0.0148,33.38
2.5,2.0758,0.0244,0.8512,0.9958,0.0150,38.33
2.5,2.0262,0.0165,0.8627,0.9743,0.0180,32.85
2.5,2.4379,0.0156,0.8693,0.9996,0.0182,42.30
2.5,2.0374,0.0201,0.8917,0.9738,0.0142,37.21
2.5,2.8438,0.0184,0.8891,0.9804,0.0229,31.59
2.5,2.2158,0.0231,0.8433,0.9846,0.0108,32.78
2.5,2.7312,0.0204,0.8919,0.9856,0.0158,36.68
2.5,2.8389,0.0204,0.8588,0.9937,0.0222,31.48
2.5,2.1501,0.0170,0.8652,0.9928,0.0161,41.39
2.5,2.7143,0.0211,0.8721,0.9785,0.0186,29.16
2.5,2.7744,0.0236,0.8815,0.9723,0.0120,29.44
2.5,2.9408,0.0156,0.9018,0.9973,0.0261,39.63
2.5,2.5619,0.0196,0.8513,0.9878,0.0186,31.24
2.5,2.6243,0.0175,0.8703,0.9778,0.0248,28.53
2.5,2.6619,0.0238,0.8467,0.9707,0.0167,19.68
2.5,3.4289,0.0185,0.8418,0.9718,0.0164,15.99
2.5,3.3326,0.0183,0.8804,0.9794,0.0294,23.30
2.5,2.0562,0.0212,0.8981,0.9705,0.0257,31.66
2.5,2.4063,0.0164,0.8360,0.9907,0.0270,29.30
2.5,2.2479,0.0195,0.8740,0.9909,0.0232,37.21
2.5,2.7777,0.0220,0.8804,0.9704,0.0251,23.26
2.5,3.1719,0.0191,0.9077,0.9880,0.0157,38.16
2.5,2.3762,0.0175,0.8834,0.9853,0.0101,41.25
2.5,2.4610,0.0200,0.8620,0.9930,0.0250,33.73
2.5,2.4257,0.0198,0.8580,0.9802,0.0300,25.61
2.5,2.2526,0.0207,0.8493,0.9866,0.0237,30.46
2.5,2.1304,0.0198,0.8744,0.9774,0.0157,35.17
2.5,3.3008,0.0187,0.9091,0.9719,0.0241,28.07
2.5,2.6860,0.0234,0.8749,0.9997,0.0102,42.13
2.5,2.9542,0.0204,0.8584,0.9873,0.0180,29.44
2.5,3.1464,0.0178,0.9001,0.9727,0.0217,28.85
2.5,2.5150,0.0202,0.9046,0.9953,0.0286,39.53
2.5,2.3318,0.0167,0.8877,0.9931,0.0286,38.23
2.5,2.5201,0.0244,0.8570,0.9742,0.0214,22.70
2.5,2.1910,0.0228,0.8999,0.9915,0.0196,42.59
2.5,3.3972,0.0198,0.8403,0.9815,0.0257,15.60
2.5,2.9695,0.0234,0.9071,0.9706,0.0121,31.80
2.5,2.5884,0.0201,0.8347,0.9870,0.0231,25.83
2.5,3.4301,0.0198,0.8990,0.9812,0.0105,34.36
2.5,2.0409,0.0177,0.8344,0.9810,0.0236,28.32
2.5,2.7101,0.0170,0.8367,0.9860,0.0255,25.30
2.5,2.1789,0.0249,0.8853,0.9992,0.0283,39.42
2.5,3.3063,0.0167,0.8827,0.9864,0.0175,33.06
2.5,2.6957,0.0237,0.8836,0.9881,0.0209,33.87
2.5,2.2335,0.0208,0.8828,0.9731,0.0258,29.16
2.5,3.1585,0.0196,0.8989,1.0000,0.0100,44.38
2.5,2.0920,0.0186,0.9069,0.9952,0.0217,46.59
2.5,2.3807,0.0161,0.8488,0.9948,0.0227,35.24
2.5,2.7832,0.0218,0.9070,0.9924,0.0300,36.23
2.5,2.6413,0.0210,0.8451,0.9997,0.0249,31.83
2.5,3.1363,0.0191,0.8922,0.9907,0.0210,35.17
2.5,2.3511,0.0234,0.8466,0.9726,0.0145,25.19
2.5,2.7111,0.0232,0.8942,0.9846,0.0130,37.17
2.5,2.1591,0.0211,0.8454,0.9980,0.0245,35.14
2.5,3.3097,0.0190,0.8863,0.9926,0.0240,33.13
2.5,2.0620,0.0209,0.8605,0.9996,0.0172,42.83
2.5,2.5664,0.0220,0.8828,0.9819,0.0172,33.84
2.5,3.4108,0.0173,0.8331,0.9850,0.0198,20.10
2.5,3.1985,0.0195,0.8957,0.9770,0.0191,29.90
2.5,2.7140,0.0215,0.8620,0.9862,0.0187,30.50
2.5,3.3173,0.0212,0.8987,0.9864,0.0278,29.87
2.5,2.0091,0.0166,0.8797,0.9852,0.0147,41.88
2.5,3.2080,0.0176,0.8332,0.9816,0.0183,20.70
2.5,3.3754,0.0172,0.8558,0.9936,0.0282,27.09
2.5,3.1394,0.0187,0.8899,0.9836,0.0211,31.80
2.5,2.8904,0.0185,0.8432,0.9784,0.0160,24.84
2.5,2.8844,0.0206,0.8762,0.9783,0.0249,26.49
2.5,2.4560,0.0242,0.8431,0.9975,0.0136,35.03
2.5,2.2780,0.0232,0.8924,0.9752,0.0128,35.63
2.5,3.1815,0.0153,0.8633,0.9908,0.0277,29.06
2.5,2.2460,0.0227,0.8497,0.9702,0.0198,23.51
2.5,3.3698,0.0201,0.9017,0.9945,0.0110,40.44
2.5,2.4983,0.0163,0.8523,0.9910,0.0126,36.89
2.5,2.8672,0.0225,0.8781,0.9929,0.0118,37.70
2.5,3.4647,0.0244,0.8915,0.9830,0.0241,26.11
2.5,2.0581,0.0173,0.8805,0.9896,0.0247,38.97
2.5,2.8245,0.0209,0.8738,0.9872,0.0107,35.77
2.5,2.1239,0.0180,0.8499,0.9926,0.0241,35.24
2.5,3.1842,0.0247,0.8953,0.9839,0.0254,28.57
2.5,2.4467,0.0187,0.8666,0.9974,0.0229,37.42
2.5,2.4879,0.0215,0.8319,0.9790,0.0285,18.06
2.5,2.0779,0.0193,0.8527,0.9874,0.0186,35.31
2.5,3.0913,0.0173,0.8452,0.9853,0.0155,28.04
2.5,2.6788,0.0204,0.8459,0.9803,0.0124,28.46
2.5,3.4631,0.0177,0.9043,0.9719,0.0168,29.27
2.5,2.9577,0.0235,0.8445,0.9702,0.0167,16.16
2.5,2.2612,0.0166,0.9076,0.9903,0.0190,44.45
2.5,3.0621,0.0190,0.9008,0.9874,0.0203,35.95
2.5,2.1382,0.0171,0.8730,0.9840,0.0118,40.06
2.5,2.5929,0.0157,0.8301,0.9809,0.0116,28.60
2.5,2.7898,0.0227,0.8613,0.9870,0.0287,25.90
2.5,3.3162,0.0195,0.8904,0.9954,0.0135,38.44
2.5,2.8747,0.0167,0.8675,0.9770,0.0225,27.20
2.5,3.4763,0.0174,0.8970,0.9913,0.0131,37.84
2.5,3.0385,0.0214,0.9016,0.9850,0.0170,35.66
2.5,3.3841,0.0210,0.8468,0.9725,0.0263,10.44
2.5,2.4855,0.0152,0.8473,0.9785,0.0286,25.02
2.5,2.7338,0.0201,0.8406,0.9703,0.0235,16.37
2.5,3.4731,0.0190,0.8558,0.9958,0.0264,27.44
2.5,3.4491,0.0166,0.8768,0.9735,0.0245,21.33
2.5,3.3657,0.0212,0.8686,0.9934,0.0165,31.97
2.5,3.2371,0.0155,0.9058,0.9701,0.0115,32.78
2.5,2.4957,0.0153,0.9067,0.9896,0.0129,45.43
2.5,2.1591,0.0150,0.8728,0.9947,0.0156,44.34
2.5,2.6333,0.0158,0.8988,0.9922,0.0113,44.94
2.5,3.1785,0.0209,0.8836,0.9938,0.0247,32.82
2.5,3.1890,0.0237,0.9064,0.9762,0.0225,28.43
2.5,2.5458,0.0242,0.8346,0.9869,0.0144,27.44
2.5,2.7395,0.0196,0.8708,0.9858,0.0138,34.79
2.5,3.0289,0.0237,0.8328,0.9851,0.0281,14.41
2.5,3.0169,0.0205,0.8659,0.9702,0.0163,23.01
2.5,3.1209,0.0205,0.8728,0.9884,0.0128,33.91
2.5,2.9082,0.0212,0.9026,0.9764,0.0120,34.79
2.5,2.3330,0.0240,0.9058,0.9751,0.0200,34.36
2.5,2.9130,0.0236,0.8955,0.9764,0.0298,25.72
2.5,2.0970,0.0181,0.8438,0.9883,0.0248,32.12
2.5,2.6640,0.0176,0.8420,0.9860,0.0176,29.44
2.5,2.9045,0.0242,0.8486,0.9897,0.0150,28.53
2.5,3.3555,0.0176,0.8530,0.9892,0.0129,30.08
2.5,3.3459,0.0199,0.8348,0.9953,0.0128,28.53
2.5,2.4820,0.0165,0.9094,0.9763,0.0143,38.65
2.5,3.0028,0.0217,0.9011,0.9820,0.0107,36.58
2.5,3.3072,0.0209,0.8343,0.9745,0.0177,14.09
2.5,3.4442,0.0208,0.8827,0.9738,0.0122,27.51
2.5,2.9472,0.0185,0.8646,0.9936,0.0273,30.74
2.5,3.4107,0.0244,0.8727,0.9741,0.0215,17.88
2.5,2.6887,0.0193,0.8589,0.9763,0.0193,26.81
2.5,2.8983,0.0205,0.8857,0.9924,0.0206,35.95
2.5,3.0723,0.0172,0.8939,0.9932,0.0137,40.27
2.5,3.0740,0.0179,0.8913,0.9897,0.0140,37.77
2.5,2.8320,0.0192,0.8498,0.9877,0.0287,25.44
2.5,2.8388,0.0208,0.8948,0.9746,0.0242,28.71
2.5,3.1884,0.0163,0.9062,0.9715,0.0126,32.92
2.5,2.3299,0.0217,0.8510,0.9892,0.0114,35.66
2.5,2.5445,0.0249,0.8686,0.9778,0.0118,30.11
2.5,2.9660,0.0240,0.8958,0.9960,0.0168,39.14
2.5,2.3420,0.0184,0.8841,0.9823,0.0201,35.80
2.5,3.4133,0.0209,0.8566,0.9961,0.0119,32.15
2.5,3.3712,0.0196,0.8860,0.9971,0.0247,34.12
2.5,3.3358,0.0243,0.8820,0.9846,0.0193,28.18
2.5,3.0239,0.0187,0.8761,0.9991,0.0134,39.85
2.5,2.6165,0.0206,0.8870,0.9932,0.0256,36.26
2.5,3.4079,0.0176,0.8433,0.9734,0.0231,14.23
2.5,3.3887,0.0182,0.8401,0.9791,0.0160,20.10
2.5,2.0175,0.0196,0.8470,0.9772,0.0299,25.58
2.5,2.7175,0.0220,0.9058,0.9925,0.0292,36.44
2.5,2.4979,0.0232,0.8411,0.9975,0.0153,34.08
2.5,2.9814,0.0235,0.8445,0.9804,0.0241,17.92
2.5,2.9756,0.0169,0.8495,0.9971,0.0171,34.01
2.5,3.2511,0.0211,0.8823,0.9887,0.0227,30.53
2.5,2.7325,0.0151,0.8806,0.9735,0.0281,27.02
2.5,3.3767,0.0179,0.8781,0.9731,0.0276,19.61
2.5,2.7599,0.0220,0.8670,0.9961,0.0201,34.96
2.5,3.3337,0.0156,0.9024,0.9725,0.0173,30.67
2.5,2.6146,0.0218,0.8561,0.9802,0.0280,23.54
2.5,2.4712,0.0225,0.8701,0.9957,0.0123,40.48
2.5,2.0579,0.0206,0.9038,0.9885,0.0158,45.05
2.5,2.2326,0.0182,0.8370,0.9835,0.0136,31.97
2.5,2.6101,0.0235,0.9006,0.9783,0.0113,36.58
2.5,2.2713,0.0153,0.8301,0.9704,0.0241,21.75
2.5,2.3459,0.0185,0.8378,0.9900,0.0158,32.99
2.5,2.2144,0.0165,0.8407,0.9961,0.0177,37.28
2.5,2.5613,0.0172,0.9023,0.9939,0.0290,39.07
2.5,2.8547,0.0239,0.8495,0.9876,0.0234,25.09
2.5,2.1609,0.0248,0.8373,0.9741,0.0222,21.47
2.5,2.3596,0.0226,0.8375,0.9882,0.0246,26.99
2.5,2.0144,0.0156,0.8430,0.9974,0.0236,37.95
2.5,3.3263,0.0227,0.8953,0.9786,0.0149,30.01
2.5,2.3281,0.0207,0.9100,0.9940,0.0183,45.15
2.5,2.9357,0.0233,0.9007,0.9833,0.0178,34.36
2.5,2.5392,0.0184,0.8569,0.9741,0.0174,27.55
2.5,2.7727,0.0189,0.8675,0.9770,0.0297,23.68
2.5,2.9333,0.0153,0.8821,0.9883,0.0107,38.79
2.5,3.3368,0.0158,0.8607,0.9765,0.0165,25.23
2.5,2.5639,0.0166,0.8411,0.9768,0.0177,26.32
2.5,3.2933,0.0226,0.9088,0.9955,0.0156,40.02
2.5,2.6309,0.0219,0.8464,0.9886,0.0117,32.01
2.5,2.6914,0.0243,0.8361,0.9853,0.0226,21.64
2.5,2.6218,0.0240,0.9029,0.9853,0.0174,37.53
2.5,3.3312,0.0154,0.8768,0.9841,0.0212,29.87
2.5,2.0764,0.0157,0.8627,0.9904,0.0175,39.95
2.5,2.6243,0.0238,0.8654,0.9944,0.0250,32.12
2.5,2.6634,0.0230,0.8442,0.9882,0.0219,26.88
2.5,3.3117,0.0176,0.8501,0.9911,0.0287,24.07
2.5,3.3783,0.0185,0.8852,0.9940,0.0186,35.21
2.5,2.4148,0.0247,0.8929,0.9848,0.0253,33.84
2.5,2.3781,0.0246,0.8902,0.9836,0.0293,31.20
2.5,2.3294,0.0185,0.8592,0.9918,0.0249,34.36
2.5,2.7172,0.0212,0.8849,0.9726,0.0288,24.74
2.5,2.8990,0.0151,0.8395,0.9754,0.0102,26.60
2.5,2.1444,0.0245,0.8910,0.9743,0.0229,31.27
2.5,2.6461,0.0190,0.8551,0.9814,0.0173,29.16
2.5,3.1489,0.0213,0.8919,0.9774,0.0103,32.71
2.5,2.5000,0.0243,0.8888,0.9996,0.0215,40.79
2.5,2.6285,0.0233,0.8954,0.9760,0.0107,34.82
2.5,2.4272,0.0165,0.8352,0.9965,0.0289,30.74
2.5,3.3536,0.0206,0.9049,0.9756,0.0185,29.76
2.5,3.3294,0.0156,0.8701,0.9991,0.0157,37.28
2.5,2.7004,0.0244,0.9083,0.9772,0.0160,34.72
2.5,2.3370,0.0230,0.8803,0.9885,0.0104,40.55
2.5,2.1601,0.0174,0.9083,0.9956,0.0207,47.22
2.5,3.2965,0.0182,0.9013,0.9837,0.0251,31.55
2.5,3.1271,0.0234,0.9032,0.9729,0.0130,30.32
2.5,2.0588,0.0236,0.8440,0.9744,0.0131,28.53
2.5,2.1480,0.0167,0.9099,0.9979,0.0110,53.16
2.5,2.1140,0.0212,0.8347,0.9708,0.0229,21.43
2.5,2.4068,0.0231,0.9089,0.9923,0.0239,41.04
2.5,3.1630,0.0214,0.8538,0.9893,0.0255,24.67
2.5,3.3952,0.0216,0.8610,0.9827,0.0161,25.40
2.5,2.8707,0.0210,0.8643,0.9972,0.0267,31.97
2.5,2.4048,0.0167,0.9079,0.9893,0.0188,43.32
2.5,2.4514,0.0187,0.9053,0.9939,0.0112,47.51
2.5,2.9299,0.0243,0.9053,0.9949,0.0178,39.92
2.5,3.3445,0.0158,0.8956,0.9873,0.0278,31.69
2.5,2.6227,0.0176,0.8734,0.9975,0.0184,39.85
2.5,3.1141,0.0186,0.8499,0.9738,0.0225,18.31
2.5,3.1519,0.0188,0.8985,0.9820,0.0147,34.93
2.5,2.5312,0.0155,0.8882,0.9804,0.0170,36.51
2.5,2.4380,0.0165,0.9058,0.9877,0.0227,40.51
2.5,3.0944,0.0172,0.8670,0.9905,0.0106,35.80
2.5,2.8235,0.0228,0.8826,0.9956,0.0191,37.03
2.5,2.1052,0.0188,0.8791,0.9742,0.0224,32.36
2.5,2.2995,0.0231,0.8776,0.9736,0.0157,31.17
2.5,2.8721,0.0201,0.8348,0.9721,0.0258,12.58
2.5,2.6023,0.0240,0.8630,0.9996,0.0253,34.26
2.5,3.4511,0.0190,0.8770,0.9929,0.0181,33.10
2.5,2.3825,0.0152,0.8746,0.9797,0.0189,34.33
2.5,2.7584,0.0243,0.8910,0.9943,0.0153,39.42
2.5,2.5137,0.0176,0.9012,0.9841,0.0193,38.48
2.5,2.5392,0.0174,0.9062,0.9982,0.0233,43.96
2.5,2.7133,0.0223,0.8395,0.9837,0.0257,21.33
2.5,2.0236,0.0159,0.8585,0.9961,0.0117,45.01
2.5,2.9268,0.0207,0.9041,0.9747,0.0124,34.12
2.5,2.3840,0.0167,0.9038,0.9956,0.0163,46.91
2.5,2.2533,0.0210,0.8761,0.9810,0.0256,31.62
2.5,2.6604,0.0228,0.9056,0.9852,0.0240,35.52
2.5,2.4412,0.0231,0.8406,0.9707,0.0174,20.66
2.5,2.8247,0.0246,0.8778,0.9834,0.0175,30.18
2.5,2.5491,0.0189,0.8535,0.9949,0.0159,36.23
2.5,3.4191,0.0199,0.8611,0.9856,0.0253,22.77
2.5,2.7471,0.0211,0.8733,0.9844,0.0263,29.13
2.5,2.5581,0.0167,0.8993,0.9749,0.0289,31.10
2.5,3.4632,0.0193,0.8847,0.9967,0.0244,33.56
2.5,2.8392,0.0165,0.8530,0.9807,0.0225,26.53
2.5,2.1849,0.0153,0.8853,0.9999,0.0130,49.30
2.5,2.2927,0.0194,0.8576,0.9980,0.0262,35.95
2.5,3.0642,0.0239,0.8830,0.9777,0.0300,21.54
2.5,2.6344,0.0246,0.8777,0.9911,0.0284,30.92
2.5,2.4590,0.0214,0.8407,0.9776,0.0173,25.44
2.5,2.1227,0.0153,0.8374,0.9721,0.0162,28.18
2.5,3.4178,0.0192,0.9028,0.9928,0.0126,39.32
2.5,2.5836,0.0187,0.8977,0.9746,0.0162,34.47
2.5,3.4328,0.0181,0.8822,0.9701,0.0123,26.67
2.5,3.0834,0.0225,0.9055,0.9918,0.0250,35.59
2.5,2.0231,0.0153,0.9075,0.9769,0.0229,38.69
2.5,2.2111,0.0236,0.8803,0.9776,0.0100,36.12
2.5,2.0716,0.0192,0.9045,0.9768,0.0228,37.14
2.5,3.0300,0.0159,0.9062,0.9770,0.0135,35.95
2.5,2.7219,0.0248,0.8328,0.9784,0.0210,16.80
2.5,3.3840,0.0176,0.8663,0.9761,0.0163,25.02
2.5,2.4968,0.0226,0.9003,0.9869,0.0145,40.06
2.5,3.1124,0.0244,0.8522,0.9943,0.0261,25.23
2.5,2.0180,0.0198,0.8810,0.9977,0.0221,43.89
2.5,3.3076,0.0175,0.8732,0.9842,0.0224,28.46
2.5,2.8173,0.0161,0.9022,0.9860,0.0204,37.46
2.5,2.3760,0.0169,0.8642,0.9753,0.0137,32.40
2.5,2.7514,0.0185,0.8437,0.9730,0.0231,19.78
2.5,3.1328,0.0205,0.8485,0.9985,0.0297,27.51
2.5,2.4931,0.0169,0.8353,0.9804,0.0105,30.01
2.5,2.3663,0.0194,0.8930,0.9768,0.0125,37.21
2.5,3.4584,0.0228,0.8770,0.9855,0.0183,28.04
2.5,2.3174,0.0160,0.8965,0.9823,0.0283,35.70
2.5,2.9224,0.0212,0.8727,0.9740,0.0280,20.70
2.5,2.7124,0.0245,0.8540,0.9946,0.0154,32.89
2.5,2.4734,0.0156,0.8651,0.9968,0.0207,38.79
2.5,2.3914,0.0153,0.8594,0.9821,0.0125,35.45
2.5,2.4975,0.0178,0.8685,0.9823,0.0210,32.04
2.5,2.1257,0.0168,0.8644,0.9832,0.0123,38.12
2.5,2.4143,0.0227,0.8858,0.9918,0.0191,38.65
2.5,2.4101,0.0164,0.9037,0.9963,0.0127,48.28
2.5,3.3054,0.0211,0.8937,0.9898,0.0190,34.22
2.5,3.4485,0.0170,0.8797,0.9795,0.0137,29.73
2.5,2.7773,0.0224,0.8328,0.9973,0.0289,25.37
2.5,3.0356,0.0150,0.8489,0.9793,0.0269,22.03
2.5,2.8643,0.0168,0.8784,0.9864,0.0267,31.38
2.5,2.0504,0.0233,0.8385,0.9959,0.0101,38.69
2.5,2.3725,0.0231,0.8387,0.9922,0.0272,28.04
2.5,3.3932,0.0231,0.8832,0.9891,0.0188,30.67
2.5,2.0782,0.0191,0.8617,0.9866,0.0108,39.67
2.5,3.2883,0.0227,0.8947,0.9849,0.0186,31.87
2.5,2.3516,0.0182,0.8358,0.9946,0.0226,32.33
2.5,2.3356,0.0216,0.8493,0.9997,0.0228,35.73
2.5,2.2109,0.0236,0.8518,0.9913,0.0112,37.10
2.5,2.3067,0.0233,0.8733,0.9941,0.0238,36.37
2.5,3.0091,0.0170,0.8757,0.9974,0.0216,36.65
2.5,2.8609,0.0181,0.8880,0.9805,0.0120,35.42
2.5,3.1183,0.0214,0.9058,0.9791,0.0157,33.91
2.5,2.5163,0.0242,0.8323,0.9863,0.0215,24.14
2.5,2.3262,0.0243,0.8404,0.9897,0.0216,28.95
2.5,3.3007,0.0248,0.8329,0.9783,0.0135,15.11
2.5,3.0250,0.0191,0.8955,0.9850,0.0137,36.51
2.5,2.6034,0.0155,0.9043,0.9996,0.0111,49.33
2.5,2.9351,0.0205,0.8515,0.9893,0.0113,31.62
2.5,3.0227,0.0165,0.8838,0.9790,0.0140,32.99
2.5,2.1965,0.0192,0.8915,0.9834,0.0265,35.59
2.5,2.4560,0.0208,0.9009,0.9963,0.0103,47.68
2.5,2.8903,0.0175,0.8699,0.9857,0.0123,34.57
2.5,3.3126,0.0168,0.8417,0.9777,0.0292,14.34
2.5,2.2295,0.0182,0.8572,0.9976,0.0185,39.92
2.5,2.3621,0.0182,0.8700,0.9889,0.0133,39.07
2.5,3.4552,0.0204,0.8343,0.9882,0.0276,15.74
2.5,3.1432,0.0155,0.8981,0.9720,0.0277,26.91
2.5,2.9055,0.0188,0.8493,0.9759,0.0245,20.20
2.5,2.9513,0.0237,0.8472,0.9862,0.0290,19.22
2.5,2.4575,0.0213,0.8847,0.9896,0.0284,34.40
2.5,2.3142,0.0171,0.8353,0.9759,0.0237,24.03
2.5,2.3762,0.0216,0.8501,0.9703,0.0234,21.40
2.5,3.4950,0.0220,0.8321,0.9725,0.0151,11.24
2.5,3.4431,0.0166,0.8331,0.9868,0.0160,23.51
2.5,3.3964,0.0219,0.8450,0.9897,0.0201,22.91
2.5,3.4060,0.0213,0.8749,0.9839,0.0262,24.03
2.5,2.9464,0.0205,0.8427,0.9838,0.0128,27.58
2.5,3.3486,0.0192,0.8302,0.9752,0.0175,14.44
2.5,3.4017,0.0244,0.8646,0.9807,0.0106,25.97
2.5,3.2908,0.0199,0.8695,0.9708,0.0157,22.45
2.5,2.5921,0.0195,0.8762,0.9711,0.0227,26.63
2.5,2.2228,0.0187,0.8460,0.9985,0.0218,37.00
2.5,2.1147,0.0231,0.8833,0.9749,0.0204,32.33
2.5,2.4847,0.0208,0.8959,0.9706,0.0231,29.52
2.5,3.1757,0.0211,0.8436,0.9842,0.0124,25.83
2.5,2.7647,0.0171,0.8866,0.9732,0.0275,27.23
2.5,2.9325,0.0227,0.8382,0.9735,0.0276,10.86
2.5,2.3805,0.0185,0.8336,0.9801,0.0226,24.91
2.5,3.4105,0.0228,0.8994,0.9777,0.0156,29.83
2.5,2.1197,0.0186,0.9090,0.9871,0.0163,44.94
2.5,2.2868,0.0184,0.8542,0.9974,0.0244,36.47
2.5,2.1523,0.0211,0.8771,0.9843,0.0180,37.00
2.5,3.2861,0.0164,0.8692,0.9975,0.0265,32.29
2.5,2.3185,0.0228,0.8842,0.9765,0.0108,35.56
2.5,2.0184,0.0159,0.8808,0.9912,0.0188,43.36
2.5,3.2700,0.0200,0.8314,0.9786,0.0151,18.31
2.5,2.1635,0.0235,0.9083,0.9887,0.0235,41.04
2.5,3.4302,0.0202,0.8818,0.9826,0.0245,26.28
2.5,2.8184,0.0154,0.8868,0.9717,0.0134,32.22
2.5,3.0113,0.0224,0.8385,0.9842,0.0190,21.54
2.5,2.7162,0.0218,0.8975,0.9811,0.0148,35.80
2.5,2.1201,0.0156,0.8886,0.9723,0.0140,36.82
2.5,2.2790,0.0199,0.8512,0.9914,0.0187,35.10
2.5,2.2755,0.0226,0.8578,0.9830,0.0230,29.55
2.5,3.2141,0.0249,0.8928,0.9844,0.0124,33.13
2.5,2.7990,0.0249,0.9082,0.9810,0.0274,30.85
2.5,2.3515,0.0151,0.8975,0.9912,0.0231,41.67
2.5,3.0842,0.0230,0.8434,0.9734,0.0112,19.61
2.5,2.0882,0.0217,0.8689,0.9866,0.0115,39.49
2.5,2.1986,0.0248,0.8499,0.9739,0.0113,28.46
2.5,3.4041,0.0215,0.8960,0.9799,0.0275,25.58
2.5,2.2916,0.0250,0.8837,0.9746,0.0260,28.22
2.5,2.2677,0.0167,0.9030,0.9892,0.0283,39.39
2.5,3.0268,0.0203,0.8411,0.9812,0.0292,16.58
2.5,2.4728,0.0157,0.8849,0.9771,0.0180,34.43
2.5,2.6091,0.0231,0.8353,0.9793,0.0140,24.39
2.5,2.0354,0.0204,0.8816,0.9837,0.0203,37.46
2.5,2.5375,0.0197,0.8916,0.9960,0.0176,42.80
2.5,2.3481,0.0220,0.8672,0.9741,0.0252,25.93
2.5,2.7144,0.0195,0.8323,0.9997,0.0276,28.85
2.5,2.9391,0.0187,0.8901,0.9773,0.0121,33.84
2.5,3.3733,0.0229,0.9071,0.9756,0.0134,31.41
2.5,3.4073,0.0153,0.8901,0.9716,0.0196,27.16
2.5,2.5865,0.0210,0.8835,0.9972,0.0175,40.93
2.5,2.7247,0.0235,0.8908,0.9932,0.0169,38.72
2.5,2.8314,0.0233,0.8346,0.9928,0.0152,28.25
2.5,2.6157,0.0202,0.8409,0.9790,0.0119,27.62
2.5,3.1217,0.0236,0.8981,0.9816,0.0213,30.22
2.5,2.2100,0.0230,0.8621,0.9761,0.0207,28.50
2.5,3.2431,0.0249,0.8366,0.9713,0.0186,9.77
2.5,2.1925,0.0194,0.8312,0.9819,0.0151,29.52
2.5,3.0478,0.0202,0.8685,1.0000,0.0117,38.83
2.5,3.0997,0.0188,0.8513,0.9816,0.0261,21.08
2.5,3.4064,0.0244,0.9023,0.9736,0.0120,29.23
2.5,2.8527,0.0217,0.8482,0.9934,0.0110,33.42
2.5,2.8203,0.0233,0.8441,0.9795,0.0290,16.06
2.5,2.8248,0.0237,0.8327,0.9811,0.0113,23.72
2.5,2.5706,0.0236,0.8400,0.9712,0.0161,19.82
2.5,3.0002,0.0160,0.8493,0.9827,0.0181,27.76
2.5,3.4442,0.0198,0.8534,0.9985,0.0239,28.74
2.5,3.4657,0.0227,0.8572,0.9913,0.0221,24.77
2.5,2.2120,0.0206,0.8428,0.9732,0.0117,28.39
2.5,2.7095,0.0152,0.8885,0.9950,0.0168,42.09
2.5,2.1013,0.0183,0.8807,0.9816,0.0125,39.70
2.5,2.9438,0.0202,0.8754,0.9897,0.0247,31.24
2.5,3.1751,0.0242,0.9055,0.9880,0.0288,31.20
2.5,2.4809,0.0202,0.8584,0.9971,0.0214,35.87
2.5,2.9844,0.0198,0.8521,0.9847,0.0290,22.21
2.5,2.7964,0.0200,0.8656,0.9757,0.0298,21.29
2.5,2.7771,0.0209,0.8377,0.9763,0.0191,20.10
2.5,2.9062,0.0213,0.8863,0.9792,0.0268,27.83
2.5,2.6489,0.0250,0.8900,0.9835,0.0141,35.17
2.5,2.6208,0.0211,0.8993,0.9847,0.0177,37.39
2.5,2.2377,0.0216,0.8551,0.9775,0.0180,29.27
2.5,3.3397,0.0170,0.8368,0.9772,0.0107,22.35
2.5,2.5048,0.0237,0.8710,0.9926,0.0271,32.36
2.5,3.1544,0.0154,0.8369,0.9747,0.0109,23.30
2.5,3.2987,0.0177,0.8541,0.9952,0.0188,30.85
2.5,3.4069,0.0194,0.8377,0.9731,0.0292,7.03
2.5,2.1741,0.0250,0.8559,0.9828,0.0272,27.41
2.5,2.2089,0.0194,0.8920,0.9708,0.0231,31.55
2.5,2.8588,0.0156,0.8464,0.9902,0.0141,32.75
2.5,2.6447,0.0192,0.8501,0.9951,0.0198,33.56
2.5,2.6875,0.0207,0.8574,0.9707,0.0197,22.63
2.5,3.4560,0.0235,0.8941,0.9815,0.0232,27.13
2.5,3.0508,0.0212,0.8843,0.9839,0.0158,32.75
2.5,2.4976,0.0155,0.8332,0.9830,0.0180,28.53
2.5,2.2727,0.0249,0.8304,0.9720,0.0101,23.44
2.5,2.5072,0.0223,0.8884,0.9777,0.0203,31.83
2.5,2.2365,0.0236,0.8537,0.9957,0.0205,35.56
2.5,3.2162,0.0178,0.8773,0.9944,0.0216,34.05
2.5,2.7243,0.0235,0.9012,0.9835,0.0225,34.01
2.5,2.8080,0.0222,0.8436,0.9849,0.0299,19.64
2.5,2.0823,0.0207,0.8347,0.9776,0.0245,24.70
2.5,2.1055,0.0189,0.8657,0.9741,0.0248,29.02
2.5,2.7176,0.0200,0.8533,0.9840,0.0183,28.99
2.5,2.1616,0.0175,0.8748,0.9864,0.0188,38.09
2.5,2.8598,0.0225,0.8336,0.9721,0.0152,17.18
2.5,2.8949,0.0184,0.8797,0.9962,0.0266,35.07
2.5,2.1402,0.0247,0.8451,0.9944,0.0189,34.33
2.5,2.3668,0.0186,0.8670,0.9917,0.0173,37.70
2.5,2.6264,0.0173,0.9027,0.9915,0.0252,39.04
2.5,2.6702,0.0219,0.8332,0.9772,0.0272,15.81
2.5,2.1588,0.0151,0.8678,0.9899,0.0276,36.19
2.5,2.1440,0.0236,0.8863,0.9966,0.0143,45.15
2.5,2.6838,0.0174,0.8531,0.9810,0.0165,29.44
2.5,2.4731,0.0153,0.8356,0.9869,0.0235,28.71
2.5,3.3591,0.0218,0.8373,0.9871,0.0213,19.01
2.5,2.6282,0.0168,0.8944,0.9994,0.0254,41.71
2.5,2.3067,0.0245,0.8866,0.9984,0.0206,41.85
2.5,2.9688,0.0211,0.8957,0.9977,0.0272,36.61
2.5,3.1692,0.0213,0.8931,0.9812,0.0229,29.44
2.5,2.3299,0.0239,0.9075,0.9793,0.0171,37.60
2.5,2.6938,0.0193,0.8431,0.9865,0.0229,26.88
2.5,2.2035,0.0241,0.8757,0.9770,0.0222,29.87
2.5,2.1773,0.0155,0.8816,0.9708,0.0221,31.80
2.5,2.8834,0.0173,0.8861,0.9989,0.0298,36.37
2.5,2.7125,0.0224,0.8805,0.9957,0.0128,40.27
2.5,2.9949,0.0215,0.8741,0.9726,0.0231,22.28
2.5,2.5813,0.0229,0.8996,0.9723,0.0193,30.92
2.5,3.0470,0.0163,0.9030,0.9788,0.0124,36.40
2.5,2.9016,0.0249,0.8605,0.9804,0.0276,19.82
2.5,3.4835,0.0229,0.8665,0.9750,0.0131,21.75
2.5,2.5537,0.0194,0.8378,0.9964,0.0164,33.94
2.5,2.0552,0.0226,0.8487,0.9831,0.0114,34.61
2.5,2.6000,0.0188,0.8970,0.9787,0.0139,36.79
2.5,2.3007,0.0195,0.8541,0.9904,0.0155,36.26
2.5,2.0102,0.0205,0.8402,0.9716,0.0118,28.85
2.5,2.8040,0.0168,0.8341,0.9945,0.0234,28.92
2.5,3.3313,0.0152,0.8513,0.9729,0.0211,19.22
2.5,2.7820,0.0235,0.8549,0.9715,0.0131,23.05
2.5,3.3265,0.0177,0.8647,0.9887,0.0115,32.92
2.5,2.0977,0.0214,0.8999,0.9809,0.0107,42.66
2.5,2.6663,0.0154,0.8877,0.9772,0.0168,34.15
2.5,3.2153,0.0248,0.9028,0.9872,0.0164,34.93
2.5,3.1758,0.0237,0.8590,0.9904,0.0226,26.35
2.5,3.0641,0.0159,0.8982,0.9795,0.0104,36.51
2.5,2.7010,0.0216,0.8332,0.9877,0.0244,23.72
2.5,2.6024,0.0233,0.8933,0.9829,0.0225,33.49
2.5,2.5605,0.0217,0.8673,0.9869,0.0264,29.59
2.5,2.3502,0.0192,0.8637,0.9876,0.0299,30.71
2.5,2.5452,0.0169,0.8437,0.9970,0.0228,33.94
2.5,2.5227,0.0240,0.9033,0.9769,0.0216,32.89
2.5,2.8226,0.0201,0.8338,0.9703,0.0177,16.94
2.5,2.7326,0.0196,0.8566,0.9920,0.0200,32.50
2.5,2.6454,0.0234,0.8675,0.9749,0.0149,27.93
2.5,2.9982,0.0229,0.9002,0.9979,0.0256,37.21
2.5,3.3730,0.0161,0.9041,0.9767,0.0157,32.75
2.5,2.8203,0.0202,0.8792,0.9992,0.0187,39.11
2.5,3.3751,0.0162,0.8422,0.9722,0.0219,15.14
2.5,2.0979,0.0206,0.8807,0.9722,0.0219,31.10
2.5,2.0687,0.0237,0.8302,0.9978,0.0256,31.34
2.5,3.2330,0.0244,0.9099,0.9747,0.0285,25.30
2.5,3.2005,0.0170,0.8691,0.9854,0.0296,26.28
2.5,2.5747,0.0181,0.9012,0.9760,0.0257,32.26
2.5,2.7252,0.0160,0.8412,0.9791,0.0198,25.65
2.5,2.3691,0.0238,0.8513,0.9802,0.0222,26.07
2.5,2.6915,0.0177,0.9044,0.9972,0.0298,39.53
2.5,2.6036,0.0239,0.8502,0.9941,0.0114,34.54
2.5,2.7046,0.0163,0.8372,0.9897,0.0176,30.32
2.5,3.3541,0.0239,0.8907,0.9995,0.0223,35.73
2.5,2.7914,0.0238,0.8633,0.9850,0.0193,28.53
2.5,2.8237,0.0177,0.8763,0.9934,0.0204,36.40
2.5,3.0215,0.0158,0.9000,0.9987,0.0215,41.39
2.5,2.8371,0.0191,0.8516,0.9704,0.0130,23.96
2.5,3.0878,0.0242,0.8999,0.9996,0.0202,39.07
2.5,3.3562,0.0219,0.8383,0.9974,0.0294,21.01
2.5,2.8993,0.0216,0.8587,0.9710,0.0238,18.27
2.5,2.9858,0.0244,0.8511,0.9902,0.0158,28.50
2.5,2.0473,0.0240,0.8768,0.9829,0.0164,36.51
2.5,3.2124,0.0223,0.9032,0.9976,0.0102,42.76
2.5,2.2638,0.0200,0.8931,0.9710,0.0119,35.49
2.5,2.0028,0.0245,0.8851,0.9826,0.0189,37.14
2.5,2.7568,0.0196,0.8973,0.9927,0.0184,39.92
2.5,2.0600,0.0212,0.8962,0.9847,0.0101,44.31
2.5,2.6325,0.0220,0.9046,0.9818,0.0238,34.47
2.5,3.2735,0.0179,0.8982,0.9761,0.0179,30.64
2.5,2.3348,0.0231,0.9076,0.9700,0.0253,30.60
2.5,2.7611,0.0216,0.8771,0.9730,0.0269,23.47
2.5,3.4896,0.0163,0.8613,0.9849,0.0137,29.20
2.5,3.0775,0.0182,0.8614,0.9929,0.0291,28.67
2.5,2.6726,0.0151,0.9083,0.9849,0.0205,39.11
2.5,2.0801,0.0153,0.8965,0.9982,0.0118,51.58
2.5,2.8505,0.0199,0.8690,0.9794,0.0158,29.66
2.5,3.0625,0.0205,0.8381,0.9891,0.0292,19.78
2.5,3.1139,0.0171,0.8540,0.9792,0.0289,19.71
2.5,3.3112,0.0208,0.8524,0.9820,0.0298,16.48
2.5,2.2844,0.0159,0.8677,0.9708,0.0230,28.57
2.5,3.1448,0.0194,0.8730,0.9950,0.0203,34.08
2.5,2.0682,0.0204,0.8356,0.9740,0.0205,25.05
2.5,2.8360,0.0196,0.8506,0.9897,0.0166,30.78
2.5,2.6526,0.0211,0.8592,0.9704,0.0254,19.75
2.5,2.0861,0.0191,0.8883,0.9949,0.0252,42.20
2.5,2.2245,0.0177,0.8716,0.9778,0.0121,36.19
2.5,2.6460,0.0181,0.8720,0.9716,0.0202,27.37
2.5,2.5461,0.0189,0.8758,0.9892,0.0118,39.28
2.5,3.2836,0.0215,0.8981,0.9751,0.0122,31.03
2.5,2.8396,0.0188,0.8723,0.9827,0.0149,32.50
2.5,3.2242,0.0207,0.8926,0.9798,0.0263,27.76
2.5,2.2567,0.0194,0.8421,0.9902,0.0200,32.64
2.5,3.2609,0.0234,0.8304,0.9775,0.0266,8.12
2.5,2.9143,0.0189,0.8774,0.9881,0.0215,32.92
2.5,2.5585,0.0176,0.8480,0.9783,0.0163,28.29
2.5,3.4742,0.0194,0.8350,0.9788,0.0170,16.90
2.5,2.1277,0.0243,0.8423,0.9984,0.0180,36.23
2.5,2.0821,0.0218,0.8398,0.9926,0.0172,35.00
2.5,3.1708,0.0184,0.8865,0.9873,0.0267,30.60
2.5,3.1577,0.0234,0.8893,0.9832,0.0173,30.96
2.5,3.2750,0.0175,0.8364,0.9768,0.0285,12.68
2.5,3.0592,0.0190,0.8477,0.9960,0.0189,31.06
2.5,2.5427,0.0212,0.9014,0.9928,0.0154,42.94
2.5,2.4440,0.0171,0.8724,0.9728,0.0129,32.29
2.5,3.2260,0.0225,0.8746,0.9752,0.0230,20.91
2.5,3.1819,0.0173,0.8487,0.9717,0.0146,21.22
2.5,2.9678,0.0159,0.8708,0.9983,0.0101,41.64
2.5,2.3356,0.0165,0.8819,0.9868,0.0112,41.92
2.5,3.0520,0.0151,0.8493,0.9882,0.0136,31.59
2.5,2.5285,0.0230,0.8927,0.9866,0.0218,35.66
2.5,3.1583,0.0247,0.9084,0.9843,0.0166,34.96
2.5,2.5080,0.0216,0.8355,0.9790,0.0206,23.01
2.5,2.4167,0.0191,0.9000,0.9869,0.0154,41.71
2.5,2.2214,0.0212,0.9093,0.9913,0.0268,41.32
2.5,3.2066,0.0228,0.8908,0.9943,0.0100,38.97
2.5,2.3776,0.0219,0.8933,0.9717,0.0202,30.92
2.5,2.6379,0.0151,0.8598,0.9716,0.0181,27.20
2.5,2.8343,0.0159,0.8410,0.9929,0.0122,33.98
2.5,2.9455,0.0156,0.8715,0.9764,0.0222,27.55
2.5,2.2484,0.0210,0.9031,0.9853,0.0151,42.20
2.5,2.7624,0.0172,0.9005,0.9956,0.0178,42.94
2.5,2.4858,0.0241,0.8549,0.9940,0.0141,35.28
2.5,2.0112,0.0215,0.8544,0.9731,0.0282,24.91
2.5,3.3999,0.0205,0.8582,0.9732,0.0144,20.27
2.5,2.4847,0.0241,0.8894,0.9882,0.0199,36.44
2.5,3.4043,0.0240,0.8455,0.9824,0.0257,13.53
2.5,3.4506,0.0204,0.8517,0.9723,0.0183,16.20
2.5,2.6564,0.0229,0.8858,0.9730,0.0209,28.04
2.5,3.3641,0.0196,0.8991,0.9889,0.0177,35.38
2.5,2.5998,0.0184,0.8340,0.9825,0.0136,28.18
2.5,2.8882,0.0248,0.9074,0.9896,0.0214,36.54
2.5,3.0013,0.0161,0.9005,0.9779,0.0109,36.47
2.5,2.2866,0.0159,0.8741,0.9815,0.0208,34.89
2.5,2.1709,0.0213,0.8707,0.9929,0.0185,39.14
2.5,3.1938,0.0226,0.8819,0.9990,0.0131,38.40
2.5,3.0821,0.0158,0.9025,0.9759,0.0116,35.52
2.5,2.1614,0.0194,0.8387,0.9811,0.0233,27.48
2.5,2.6007,0.0227,0.8320,0.9910,0.0106,30.36
2.5,2.0127,0.0177,0.8750,0.9972,0.0252,42.09
2.5,2.8551,0.0151,0.8974,0.9964,0.0279,38.65
2.5,3.1412,0.0208,0.8952,0.9830,0.0179,32.99
2.5,2.0962,0.0237,0.8434,0.9711,0.0187,24.14
2.5,3.3066,0.0161,0.8497,0.9936,0.0289,26.53
2.5,2.7460,0.0166,0.8868,0.9923,0.0259,36.37
2.5,3.4706,0.0177,0.8855,0.9946,0.0226,33.73
2.5,3.3960,0.0177,0.8810,0.9980,0.0201,35.80
2.5,2.2143,0.0232,0.8436,0.9717,0.0137,25.61
2.5,3.2354,0.0202,0.8804,0.9728,0.0294,18.69
2.5,2.2483,0.0179,0.8519,0.9904,0.0158,36.89
2.5,2.7513,0.0166,0.9016,0.9871,0.0288,35.42
2.5,2.5186,0.0185,0.8566,0.9850,0.0168,32.47
2.5,2.7505,0.0227,0.8793,0.9870,0.0218,32.04
2.5,2.7266,0.0193,0.9026,0.9983,0.0160,44.52
2.5,2.4434,0.0176,0.8321,0.9768,0.0164,25.65
2.5,2.4810,0.0151,0.8875,0.9700,0.0183,31.94
2.5,3.0472,0.0163,0.8917,0.9913,0.0149,38.90
2.5,2.0864,0.0191,0.8618,0.9719,0.0210,28.99
2.5,2.4076,0.0244,0.9003,0.9869,0.0237,36.65
2.5,2.6651,0.0170,0.9042,0.9897,0.0222,39.56
2.5,2.7886,0.0248,0.8896,0.9703,0.0218,25.58
2.5,3.3509,0.0208,0.8881,0.9979,0.0246,34.57
2.5,2.1063,0.0200,0.8353,0.9945,0.0222,33.56
2.5,3.1997,0.0222,0.8654,0.9899,0.0230,27.97
2.5,2.8686,0.0245,0.8911,0.9947,0.0190,37.32
2.5,2.5690,0.0195,0.8539,0.9926,0.0217,32.57
2.5,3.0836,0.0215,0.9019,0.9908,0.0290,33.35
2.5,2.0922,0.0151,0.8317,0.9727,0.0197,26.21
2.5,2.7592,0.0173,0.8935,0.9773,0.0207,32.64
2.5,3.0948,0.0183,0.8707,0.9881,0.0101,35.03
2.5,2.4915,0.0207,0.8929,0.9812,0.0164,36.33
2.5,3.0959,0.0209,0.8652,0.9819,0.0153,28.46
2.5,2.2830,0.0242,0.8926,0.9741,0.0216,31.20
2.5,2.6586,0.0166,0.8483,0.9959,0.0224,33.42
2.5,3.0396,0.0183,0.8829,0.9924,0.0156,37.35
2.5,2.1424,0.0230,0.8435,0.9895,0.0181,32.82
2.5,2.5866,0.0160,0.9090,0.9783,0.0111,40.55
2.5,3.0445,0.0249,0.8880,0.9779,0.0297,22.49
2.5,3.0704,0.0188,0.8660,0.9721,0.0131,26.18
2.5,2.1404,0.0200,0.8833,0.9964,0.0152,45.29
2.5,2.5130,0.0157,0.8616,0.9750,0.0259,26.49
2.5,3.0853,0.0176,0.8614,0.9819,0.0295,22.94
2.5,2.9935,0.0205,0.8490,0.9735,0.0285,14.34
2.5,2.5364,0.0225,0.8956,0.9764,0.0258,29.83
2.5,2.8081,0.0164,0.8896,0.9728,0.0248,28.57
2.5,2.0362,0.0185,0.9056,0.9923,0.0103,49.86
2.5,2.5103,0.0157,0.8322,0.9750,0.0235,22.24
2.5,2.1647,0.0216,0.9091,0.9924,0.0214,44.24
2.5,2.9325,0.0226,0.8922,0.9801,0.0270,28.25
2.5,2.1442,0.0247,0.8458,0.9814,0.0167,29.16
2.5,2.7151,0.0160,0.8671,0.9888,0.0199,34.26
2.5,3.3652,0.0224,0.8674,0.9707,0.0220,16.41
2.5,2.5989,0.0151,0.8471,0.9904,0.0263,30.57
2.5,3.4229,0.0202,0.8879,0.9970,0.0128,38.05
2.5,3.3284,0.0239,0.9002,0.9974,0.0139,39.42
2.5,3.2440,0.0188,0.8829,0.9817,0.0258,27.69
2.5,2.9391,0.0162,0.8396,0.9806,0.0238,22.31
2.5,3.0948,0.0157,0.8407,0.9844,0.0103,29.20
2.5,2.3245,0.0188,0.8924,0.9735,0.0170,34.65
2.5,2.0161,0.0187,0.8908,0.9927,0.0100,48.45
2.5,2.6683,0.0189,0.8763,0.9894,0.0150,37.17
2.5,2.9847,0.0225,0.8700,0.9896,0.0160,32.26
2.5,3.2725,0.0153,0.8596,0.9988,0.0121,37.10
2.5,3.0534,0.0239,0.8623,0.9876,0.0177,28.32
2.5,3.2618,0.0199,0.8923,0.9774,0.0296,24.63
2.5,2.4358,0.0198,0.9035,0.9945,0.0192,43.61
2.5,3.2049,0.0180,0.8358,0.9764,0.0153,19.68
2.5,3.0010,0.0163,0.8780,0.9776,0.0214,28.88
2.5,3.4913,0.0227,0.8404,0.9816,0.0297,9.42
2.5,2.1632,0.0191,0.8634,0.9970,0.0198,40.41
2.5,3.3049,0.0185,0.8508,0.9738,0.0278,13.91
2.5,2.2944,0.0202,0.8999,0.9812,0.0163,38.93
2.5,3.3526,0.0226,0.8780,0.9772,0.0156,26.04
2.5,2.1739,0.0229,0.8695,0.9777,0.0246,29.30
2.5,3.3867,0.0198,0.8970,0.9870,0.0195,33.45
2.5,3.0929,0.0243,0.8383,0.9805,0.0235,14.65
2.5,3.4582,0.0239,0.8903,0.9917,0.0224,31.03
2.5,3.2622,0.0155,0.8585,0.9948,0.0273,29.23
2.5,2.9229,0.0212,0.8757,0.9908,0.0190,33.84
2.5,2.0477,0.0229,0.9050,0.9969,0.0268,43.92
2.5,2.3896,0.0236,0.8971,0.9744,0.0166,33.73
2.5,3.4568,0.0239,0.9085,0.9762,0.0101,32.26
2.5,2.1441,0.0171,0.8597,0.9965,0.0138,43.29
2.5,2.8746,0.0153,0.8339,0.9884,0.0204,27.44
2.5,2.4319,0.0173,0.8883,0.9737,0.0205,32.50
2.5,2.5411,0.0213,0.8433,0.9748,0.0280,18.31
2.5,2.3508,0.0176,0.8440,0.9780,0.0141,29.97
2.5,2.2721,0.0185,0.8891,0.9807,0.0221,35.45
2.5,2.2852,0.0161,0.8834,0.9833,0.0212,36.72
2.5,3.1254,0.0189,0.8800,0.9764,0.0185,28.25
2.5,2.6873,0.0194,0.8629,0.9755,0.0286,22.84
2.5,3.0169,0.0220,0.8508,0.9758,0.0182,20.45
2.5,3.4228,0.0151,0.8577,0.9810,0.0195,25.26
2.5,2.0559,0.0194,0.8937,0.9776,0.0187,37.35
2.5,2.7132,0.0192,0.8860,0.9731,0.0193,29.69
2.5,3.1973,0.0169,0.8743,0.9933,0.0116,37.28
2.5,2.0419,0.0182,0.8663,0.9787,0.0272,31.13
2.5,2.8868,0.0181,0.8431,0.9742,0.0138,23.75
2.5,2.3065,0.0157,0.9045,0.9908,0.0227,43.11
2.5,3.4485,0.0188,0.8896,0.9913,0.0165,35.10
2.5,2.7108,0.0230,0.8523,0.9981,0.0127,36.23
2.5,2.7155,0.0194,0.8922,0.9791,0.0209,32.64
2.5,2.2765,0.0217,0.8667,0.9853,0.0143,35.91
2.5,2.2107,0.0199,0.8791,0.9861,0.0255,35.14
2.5,3.1544,0.0242,0.8480,0.9826,0.0148,22.94
2.5,3.2984,0.0205,0.8868,0.9795,0.0192,28.71
2.5,2.0314,0.0163,0.8927,0.9842,0.0232,39.39
2.5,2.6361,0.0190,0.8502,0.9742,0.0265,20.98
2.5,3.1137,0.0173,0.9057,0.9724,0.0256,28.50
2.5,3.4224,0.0179,0.8676,0.9964,0.0244,31.03
2.5,3.1042,0.0157,0.9062,0.9786,0.0267,31.48
2.5,2.5763,0.0187,0.8397,0.9888,0.0230,28.60
2.5,2.9599,0.0241,0.8926,0.9854,0.0175,33.42
2.5,2.8457,0.0184,0.8380,0.9984,0.0288,28.53
2.5,2.2866,0.0190,0.8565,0.9921,0.0155,37.46
2.5,2.6953,0.0216,0.8961,0.9903,0.0146,39.74
2.5,3.0183,0.0186,0.8791,0.9830,0.0237,29.55
2.5,2.1288,0.0155,0.8947,0.9932,0.0207,44.66
2.5,2.3188,0.0225,0.8730,0.9751,0.0208,29.23
2.5,2.9946,0.0226,0.8326,0.9988,0.0206,27.93
2.5,2.0017,0.0162,0.9001,0.9953,0.0171,48.59
2.5,2.0026,0.0164,0.8315,0.9967,0.0144,39.25
2.5,3.1432,0.0162,0.8812,0.9710,0.0237,24.21
2.5,2.3765,0.0216,0.8904,0.9997,0.0197,43.75
2.5,2.1334,0.0168,0.8646,0.9794,0.0274,30.82
2.5,2.0305,0.0187,0.8688,1.0000,0.0120,47.86
2.5,2.8284,0.0166,0.9087,0.9857,0.0142,40.79
2.5,2.6044,0.0171,0.8305,0.9868,0.0191,27.90
2.5,2.2386,0.0235,0.8664,0.9991,0.0250,37.53
2.5,2.9414,0.0236,0.9051,0.9745,0.0201,29.94
2.5,3.4188,0.0232,0.8578,0.9986,0.0149,31.80
2.5,2.4199,0.0241,0.8555,0.9971,0.0139,37.35
2.5,2.1374,0.0223,0.8480,0.9951,0.0257,33.73
2.5,2.6778,0.0199,0.8608,0.9996,0.0145,39.07
2.5,2.3652,0.0247,0.8574,0.9748,0.0241,23.40
2.5,3.3351,0.0156,0.8338,0.9908,0.0115,28.88
2.5,2.9710,0.0209,0.8410,0.9715,0.0116,20.48
2.5,2.7883,0.0162,0.8846,0.9824,0.0195,33.94
2.5,2.6651,0.0157,0.8762,0.9793,0.0188,32.64
2.5,3.3418,0.0198,0.9003,0.9892,0.0103,38.33
2.5,2.0757,0.0161,0.8549,0.9932,0.0183,39.39
2.5,2.9783,0.0213,0.8850,0.9961,0.0194,37.00
2.5,3.0576,0.0231,0.8438,0.9834,0.0141,24.49
2.5,2.9360,0.0228,0.8304,0.9789,0.0143,19.57
2.5,2.4435,0.0209,0.8435,0.9714,0.0194,22.17
2.5,2.5362,0.0168,0.8495,0.9866,0.0278,28.32
2.5,2.6669,0.0164,0.8453,0.9879,0.0135,32.85
2.5,2.2582,0.0184,0.8814,0.9862,0.0223,36.82
2.5,3.4073,0.0173,0.8503,0.9795,0.0127,25.09
2.5,2.9503,0.0192,0.8877,0.9936,0.0164,38.48
2.5,2.3114,0.0241,0.8513,0.9952,0.0146,36.54
2.5,2.8383,0.0209,0.8966,0.9997,0.0159,43.25
2.5,2.7718,0.0227,0.8305,0.9762,0.0246,13.60
2.5,2.7804,0.0225,0.8945,0.9889,0.0252,34.26
2.5,2.1678,0.0241,0.8516,0.9987,0.0150,39.04
2.5,2.5623,0.0194,0.8619,0.9950,0.0161,37.53
2.5,2.9506,0.0161,0.8816,0.9799,0.0197,31.38
2.5,3.3545,0.0180,0.8487,0.9993,0.0300,27.48
2.5,2.1980,0.0224,0.8618,0.9848,0.0276,29.66
2.5,3.2661,0.0226,0.8928,0.9821,0.0150,31.83
2.5,3.3124,0.0212,0.9047,0.9751,0.0214,28.50
2.5,3.3381,0.0215,0.8641,0.9720,0.0198,18.27
2.5,2.6631,0.0248,0.8853,0.9704,0.0293,21.26
2.5,3.4515,0.0247,0.9022,0.9756,0.0174,27.69
2.5,2.6432,0.0174,0.8845,0.9967,0.0177,41.81
2.5,2.1171,0.0233,0.8760,0.9876,0.0122,40.23
2.5,2.5516,0.0173,0.8662,0.9768,0.0280,26.67
2.5,3.0894,0.0230,0.8695,0.9921,0.0155,32.57
2.5,3.1872,0.0189,0.8880,0.9885,0.0229,32.61
2.5,2.2157,0.0208,0.8840,0.9794,0.0168,35.70
2.5,3.2889,0.0179,0.8677,0.9897,0.0148,32.57
2.5,3.2561,0.0197,0.8759,0.9963,0.0157,36.02
2.5,2.0243,0.0181,0.8948,0.9839,0.0262,37.81
2.5,2.5193,0.0245,0.9065,0.9881,0.0292,35.10
2.5,2.6292,0.0228,0.9094,0.9977,0.0234,42.13
2.5,2.1749,0.0162,0.8900,0.9823,0.0282,35.66
2.5,2.2281,0.0168,0.8947,0.9817,0.0168,39.67
2.5,3.2490,0.0167,0.8871,0.9811,0.0100,34.47
2.5,3.1571,0.0177,0.8408,0.9866,0.0135,27.93
2.5,2.1652,0.0227,0.8540,0.9809,0.0120,33.20
2.5,2.4453,0.0157,0.8305,0.9759,0.0260,21.78
2.5,2.1806,0.0177,0.8606,0.9941,0.0259,36.47
2.5,3.0489,0.0205,0.9061,0.9757,0.0296,27.90
2.5,2.0243,0.0212,0.8511,0.9803,0.0175,31.83
2.5,2.7297,0.0241,0.8981,0.9994,0.0260,38.86
2.5,3.3413,0.0209,0.8833,0.9858,0.0193,30.29
2.5,2.1912,0.0187,0.9011,0.9833,0.0275,36.93
2.5,2.5830,0.0237,0.8417,0.9869,0.0287,22.56
2.5,3.3266,0.0176,0.8361,0.9808,0.0126,22.98
2.5,2.9488,0.0220,0.8876,0.9739,0.0295,22.91
2.5,2.2178,0.0155,0.9089,0.9841,0.0167,43.71
2.5,2.7025,0.0241,0.9067,0.9994,0.0191,43.15
2.5,3.3217,0.0208,0.8910,0.9705,0.0214,23.37
2.5,3.2595,0.0210,0.8313,0.9881,0.0272,16.27
2.5,2.5929,0.0218,0.8610,0.9738,0.0230,23.79
2.5,2.8764,0.0176,0.8533,0.9980,0.0234,33.20
2.5,2.0061,0.0179,0.8706,0.9836,0.0203,36.82
2.5,2.6965,0.0236,0.8967,0.9766,0.0263,28.71
2.5,3.4180,0.0174,0.8326,0.9920,0.0221,22.87
2.5,3.1932,0.0238,0.9061,0.9739,0.0273,25.33
2.5,2.7637,0.0182,0.9020,0.9776,0.0100,37.35
2.5,3.1759,0.0248,0.9025,0.9720,0.0290,21.64
2.5,2.8059,0.0224,0.8856,0.9825,0.0166,33.10
2.5,2.1660,0.0228,0.8552,0.9898,0.0180,35.10
2.5,2.0633,0.0204,0.8780,0.9946,0.0127,45.26
2.5,2.9098,0.0168,0.9004,0.9816,0.0144,37.00
2.5,2.5596,0.0180,0.8858,0.9851,0.0275,33.10
2.5,3.4821,0.0247,0.8334,0.9912,0.0126,21.71
2.5,2.8772,0.0236,0.8419,0.9772,0.0222,17.46
2.5,3.0198,0.0195,0.8792,0.9933,0.0282,31.73
2.5,2.9835,0.0232,0.8402,0.9833,0.0138,24.24
2.5,2.6603,0.0152,0.8574,0.9955,0.0104,40.09
2.5,2.8549,0.0153,0.9009,0.9820,0.0230,34.79
2.5,2.5028,0.0190,0.8790,0.9864,0.0229,34.61
2.5,3.3738,0.0162,0.8633,0.9733,0.0219,20.34
2.5,2.4363,0.0151,0.8430,0.9752,0.0280,23.26
2.5,2.0981,0.0151,0.8779,0.9911,0.0151,44.03
2.5,2.6458,0.0187,0.9024,0.9730,0.0156,34.47
2.5,2.2849,0.0178,0.8342,0.9722,0.0265,20.80
2.5,2.5418,0.0163,0.8470,0.9886,0.0166,33.27
2.5,3.1383,0.0217,0.8508,0.9917,0.0260,25.26
2.5,2.0744,0.0168,0.8579,0.9846,0.0284,32.01
2.5,2.6876,0.0191,0.8746,0.9795,0.0143,32.61
2.5,2.1640,0.0215,0.9054,0.9781,0.0222,36.86
2.5,2.1429,0.0154,0.8439,0.9713,0.0181,27.72
2.5,2.7130,0.0226,0.8935,0.9964,0.0292,36.12
2.5,2.4146,0.0176,0.8976,0.9741,0.0141,36.44
2.5,3.1370,0.0169,0.8416,0.9790,0.0275,17.67
2.5,3.0602,0.0209,0.8314,0.9859,0.0169,23.01
2.5,2.1074,0.0215,0.8352,0.9899,0.0100,35.66
2.5,3.3412,0.0176,0.8828,0.9778,0.0254,25.65
2.5,2.1363,0.0246,0.8989,0.9931,0.0134,45.50
2.5,3.4342,0.0246,0.8880,0.9805,0.0202,26.00
2.5,3.3537,0.0213,0.8663,0.9705,0.0171,19.15
2.5,3.0202,0.0247,0.8971,0.9794,0.0101,34.01
2.5,2.0382,0.0237,0.8795,0.9975,0.0300,38.40
2.5,2.8254,0.0207,0.8302,0.9748,0.0176,17.85
2.5,2.5744,0.0170,0.8882,0.9999,0.0131,46.24
2.5,2.2336,0.0179,0.8753,0.9703,0.0251,28.25
2.5,3.0586,0.0192,0.8926,0.9726,0.0282,24.70
2.5,2.7410,0.0214,0.9087,0.9804,0.0245,33.91
2.5,3.3242,0.0228,0.8416,0.9826,0.0285,12.65
2.5,2.3563,0.0197,0.8482,0.9914,0.0264,30.78
2.5,3.1943,0.0187,0.8701,0.9797,0.0162,28.50
2.5,2.1694,0.0213,0.8744,0.9987,0.0200,42.34
2.5,2.1065,0.0214,0.8477,0.9982,0.0125,41.11
2.5,2.6306,0.0204,0.8604,0.9938,0.0179,35.14
2.5,3.4252,0.0173,0.8846,0.9804,0.0249,27.23
2.5,2.2434,0.0165,0.8743,0.9925,0.0271,37.14
2.5,2.6242,0.0244,0.8962,0.9777,0.0157,33.56
2.5,2.4976,0.0180,0.8602,0.9839,0.0107,35.52
2.5,2.9992,0.0153,0.9068,0.9804,0.0284,32.50
2.5,3.3072,0.0194,0.8781,0.9719,0.0164,25.05
2.5,3.3675,0.0246,0.8738,0.9945,0.0298,26.32
2.5,3.4972,0.0236,0.8519,0.9916,0.0213,23.09
2.5,3.2835,0.0153,0.8670,0.9902,0.0151,33.45
2.5,3.0751,0.0175,0.8718,0.9888,0.0153,34.08
2.5,2.9212,0.0221,0.8786,0.9960,0.0229,34.86
2.5,2.8739,0.0178,0.8924,0.9892,0.0189,37.14
2.5,3.4183,0.0236,0.8992,0.9730,0.0288,20.17
2.5,3.2580,0.0246,0.8690,0.9707,0.0181,18.31
2.5,2.4733,0.0250,0.8378,0.9969,0.0210,30.04
2.5,2.1415,0.0160,0.8721,0.9804,0.0185,36.02
2.5,2.4652,0.0231,0.8742,0.9747,0.0186,28.85
2.5,3.4520,0.0191,0.8572,0.9962,0.0133,32.71
2.5,3.2422,0.0203,0.8777,0.9886,0.0296,27.83
2.5,3.1130,0.0204,0.9019,0.9994,0.0170,41.99
2.5,2.5670,0.0215,0.8330,0.9960,0.0190,30.46
2.5,2.0474,0.0195,0.9047,0.9918,0.0227,44.24
2.5,2.8293,0.0229,0.8431,0.9968,0.0289,26.53
2.5,3.1697,0.0196,0.8487,0.9769,0.0207,19.33
2.5,2.1111,0.0184,0.8962,0.9936,0.0296,40.76
2.5,3.3256,0.0156,0.8829,0.9918,0.0211,34.15
2.5,3.0957,0.0221,0.8709,0.9759,0.0259,20.38
2.5,2.8556,0.0177,0.9014,0.9962,0.0119,44.52
2.5,2.0769,0.0194,0.8909,0.9875,0.0145,43.68
2.5,2.5929,0.0207,0.8314,0.9983,0.0112,34.89
2.5,3.3645,0.0214,0.8369,0.9966,0.0222,24.42
2.5,3.1701,0.0175,0.8502,0.9891,0.0274,25.09
2.5,2.4076,0.0211,0.8795,0.9742,0.0121,33.24
2.5,2.9222,0.0241,0.9075,0.9813,0.0272,30.25
2.5,2.1267,0.0245,0.8623,0.9878,0.0247,32.33
2.5,3.4463,0.0200,0.8572,0.9889,0.0116,29.52
2.5,2.1144,0.0172,0.8776,0.9741,0.0185,33.91
2.5,2.2393,0.0164,0.8519,0.9856,0.0106,37.10
2.5,2.8853,0.0216,0.8558,0.9944,0.0285,28.36
2.5,2.4810,0.0179,0.8305,0.9790,0.0167,25.83
2.5,2.2684,0.0164,0.8986,0.9752,0.0121,38.83
2.5,2.9258,0.0237,0.8721,0.9973,0.0283,31.59
2.5,2.1110,0.0187,0.8395,0.9945,0.0259,33.31
2.5,2.4858,0.0215,0.8423,0.9752,0.0254,20.17
2.5,2.9055,0.0155,0.8697,0.9947,0.0293,32.89
2.5,2.8032,0.0200,0.8926,0.9877,0.0265,33.73
2.5,2.2173,0.0223,0.8690,0.9849,0.0255,31.87
2.5,3.4662,0.0186,0.8695,0.9995,0.0168,35.03
2.5,2.6048,0.0179,0.8602,0.9752,0.0260,24.84
2.5,2.5687,0.0239,0.8433,0.9784,0.0219,21.64
2.5,2.4287,0.0221,0.8332,0.9844,0.0189,26.18
2.5,2.9876,0.0202,0.9051,0.9807,0.0244,31.97
2.5,2.7151,0.0222,0.8560,0.9831,0.0121,30.01
2.5,2.1942,0.0239,0.9035,0.9818,0.0126,41.18
2.5,3.2397,0.0248,0.8962,0.9954,0.0259,33.20
2.5,3.4062,0.0243,0.8911,0.9765,0.0100,29.48
2.5,2.6305,0.0208,0.8796,0.9719,0.0247,25.97
2.5,2.1457,0.0247,0.8702,0.9758,0.0158,31.20
2.5,3.2845,0.0237,0.8385,0.9820,0.0110,21.05
2.5,3.1850,0.0186,0.9012,0.9946,0.0191,38.79
2.5,2.4044,0.0179,0.8635,0.9745,0.0267,26.35
2.5,2.7138,0.0234,0.8392,0.9979,0.0229,29.16
2.5,2.8246,0.0186,0.8431,0.9801,0.0215,23.58
2.5,3.4319,0.0197,0.8779,0.9720,0.0279,17.46
2.5,2.8799,0.0229,0.8428,0.9956,0.0258,26.95
2.5,3.1007,0.0173,0.8972,0.9990,0.0111,44.17
2.5,2.2303,0.0173,0.8400,0.9723,0.0266,22.63
2.5,2.1814,0.0212,0.8739,0.9912,0.0105,42.69
2.5,2.7995,0.0201,0.8675,0.9814,0.0294,25.37
2.5,3.3657,0.0237,0.8619,0.9753,0.0276,13.32
2.5,2.6473,0.0197,0.9008,0.9984,0.0286,39.67
2.5,3.1920,0.0245,0.8449,0.9874,0.0259,18.06
2.5,2.6858,0.0245,0.8736,0.9751,0.0179,27.16
2.5,2.1907,0.0205,0.8908,1.0000,0.0219,44.66
2.5,2.4442,0.0188,0.8400,0.9876,0.0107,33.66
2.5,2.1697,0.0229,0.8901,0.9967,0.0151,45.43
2.5,3.4785,0.0240,0.8785,0.9941,0.0189,31.17
2.5,3.2051,0.0222,0.8807,0.9991,0.0149,37.60
2.5,2.7008,0.0182,0.8744,0.9828,0.0269,29.44
2.5,3.2680,0.0154,0.8950,0.9937,0.0250,35.73
2.5,2.7586,0.0250,0.9096,0.9884,0.0224,36.82
2.5,3.4236,0.0184,0.8908,0.9738,0.0146,28.71
2.5,2.3420,0.0188,0.9023,0.9760,0.0158,37.32
2.5,2.9802,0.0161,0.8600,0.9757,0.0252,23.05
2.5,3.1580,0.0187,0.8374,0.9902,0.0119,28.81
2.5,3.4948,0.0182,0.8741,0.9905,0.0227,29.52
2.5,2.0475,0.0218,0.9080,0.9847,0.0189,42.38
2.5,2.2809,0.0220,0.8468,0.9740,0.0178,25.83
2.5,2.6873,0.0225,0.8437,0.9772,0.0278,17.57
2.5,2.6158,0.0248,0.8996,0.9964,0.0253,38.55
2.5,2.4902,0.0217,0.8545,0.9713,0.0275,19.61
2.5,3.0211,0.0201,0.8481,0.9823,0.0188,24.81
2.5,2.4327,0.0177,0.8536,0.9959,0.0205,36.30
2.5,2.5792,0.0165,0.8420,0.9937,0.0165,34.33
2.5,2.7475,0.0212,0.8469,0.9742,0.0269,17.43
2.5,2.1768,0.0248,0.8346,0.9922,0.0230,29.02
2.5,3.2399,0.0208,0.8728,0.9904,0.0199,31.06
2.5,2.0060,0.0237,0.8935,0.9786,0.0167,37.88
2.5,2.6084,0.0159,0.8326,0.9790,0.0177,25.69
2.5,3.2291,0.0180,0.8438,0.9782,0.0273,16.48
2.5,3.4871,0.0245,0.8904,0.9898,0.0159,32.40
2.5,2.9578,0.0151,0.8727,0.9987,0.0269,35.63
2.5,2.1746,0.0182,0.8782,0.9807,0.0161,36.96
2.5,3.2554,0.0156,0.8951,0.9761,0.0196,30.53
2.5,2.0881,0.0174,0.9023,0.9979,0.0113,52.14
